Arquivo,Coluna_1,Coluna_2,Coluna_3,Coluna_4,Coluna_5,Coluna_6,Coluna_7,Coluna_8,Coluna_9,Coluna_10,Coluna_11,Coluna_12,Coluna_13,Coluna_14,Coluna_15,Coluna_16,Coluna_17,Coluna_18,Coluna_19,Coluna_20,Coluna_21,Coluna_22,Coluna_23,Coluna_24,Coluna_25,Coluna_26,Coluna_27,Coluna_28,Coluna_29,Coluna_30,Coluna_31,Coluna_32,Coluna_33,Coluna_34,Coluna_35,Coluna_36,Coluna_37,Coluna_38
icm-01_2025-dados-abertos.xlsx,UF,Rodovia,Sentido,km inicial,km final,Extensão (km),CONDIÇÃO DO PAVIMENTO,Unnamed: 7,Unnamed: 8,Unnamed: 9,Unnamed: 10,Unnamed: 11,Unnamed: 12,Unnamed: 13,Unnamed: 14,CONDIÇÃO DA CONSERVAÇÃO,Unnamed: 16,Unnamed: 17,Unnamed: 18,Unnamed: 19,Unnamed: 20,Unnamed: 21,Unnamed: 22,Unnamed: 23,Data,Latitude,Longitude,Observação,IC,IP,ICM,,,,,,,
icm-03_2023-transparencia.csv,UF,Rodovia,km inicial,km final,Extensão (km),Data,Latitude,Longitude,ICMNP,,,,,,,,,,,,,,,,,,,,,,,,,,,,,
icm-04_2023-transparencia.csv,UF,Rodovia,km inicial,km final,Extensão (km),Data,Latitude,Longitude,ICMNP,,,,,,,,,,,,,,,,,,,,,,,,,,,,,
icm-05_2023_transparencia.csv,UF,Rodovia,km inicial,km final,Extensão (km),Data,Latitude,Longitude,ICMNP,,,,,,,,,,,,,,,,,,,,,,,,,,,,,
icm-05_2024-transparencia.xlsx,UF,Rodovia,km inicial,km final,Extensão (km),CONDIÇÃO DO PAVIMENTO,Unnamed: 6,Unnamed: 7,Unnamed: 8,Unnamed: 9,Unnamed: 10,Unnamed: 11,Unnamed: 12,Unnamed: 13,CONDIÇÃO DA CONSERVAÇÃO,Unnamed: 15,Unnamed: 16,Unnamed: 17,Unnamed: 18,Unnamed: 19,Unnamed: 20,Unnamed: 21,Unnamed: 22,Data,Latitude,Longitude,Observação,IC,IP,ICM,,,,,,,,
icm-08_2023-dados-abertos.csv,UF,Rodovia,km inicial,km final,Extensão (km),Data,Latitude,Longitude,ICMNP,,,,,,,,,,,,,,,,,,,,,,,,,,,,,
icm-09_2023-dados_abertos.csv,UF,Rodovia,km inicial,km final,Extensão (km),Data,Latitude,Longitude,Observação,ICC,ICP,ICM,,,,,,,,,,,,,,,,,,,,,,,,,,
icm-10_2022.csv,UF,Rodovia,km inicial,km final,Extensão (km),Data,Latitude,Longitude,ICC,ICP,ICM,,,,,,,,,,,,,,,,,,,,,,,,,,,
icm-10_2023-transparencia.csv,UF,Rodovia,km inicial,km final,Extensão (km),Data,Latitude,Longitude,ICMNP,,,,,,,,,,,,,,,,,,,,,,,,,,,,,
icm-dados-aberto-01_2024.xlsx,UF,Rodovia,km inicial,km final,Extensão (km),CONDIÇÃO DO PAVIMENTO,Unnamed: 6,Unnamed: 7,Unnamed: 8,Unnamed: 9,Unnamed: 10,Unnamed: 11,Unnamed: 12,Unnamed: 13,CONDIÇÃO DA CONSERVAÇÃO,Unnamed: 15,Unnamed: 16,Unnamed: 17,Unnamed: 18,Unnamed: 19,Unnamed: 20,Unnamed: 21,Unnamed: 22,Data,Latitude,Longitude,Observação,IC,IP,ICM,,,,,,,,
icm-dados-aberto-02_2024.xlsx,UF,Rodovia,km inicial,km final,Extensão (km),CONDIÇÃO DO PAVIMENTO,Unnamed: 6,Unnamed: 7,Unnamed: 8,Unnamed: 9,Unnamed: 10,Unnamed: 11,Unnamed: 12,Unnamed: 13,CONDIÇÃO DA CONSERVAÇÃO,Unnamed: 15,Unnamed: 16,Unnamed: 17,Unnamed: 18,Unnamed: 19,Unnamed: 20,Unnamed: 21,Unnamed: 22,Data,Latitude,Longitude,Observação,IC,IP,ICM,,,,,,,,
icm-dados-aberto-03_2024.xlsx,UF,Rodovia,km inicial,km final,Extensão (km),CONDIÇÃO DO PAVIMENTO,Unnamed: 6,Unnamed: 7,Unnamed: 8,Unnamed: 9,Unnamed: 10,Unnamed: 11,Unnamed: 12,Unnamed: 13,CONDIÇÃO DA CONSERVAÇÃO,Unnamed: 15,Unnamed: 16,Unnamed: 17,Unnamed: 18,Unnamed: 19,Unnamed: 20,Unnamed: 21,Unnamed: 22,Data,Latitude,Longitude,Observação,IC,IP,ICM,,,,,,,,
icm-dados-aberto-11_2023.xlsx,UF,Rodovia,Sentido,km inicial,km final,Extensão (km),CONDIÇÃO DO PAVIMENTO,Unnamed: 7,Unnamed: 8,Unnamed: 9,Unnamed: 10,Unnamed: 11,Unnamed: 12,Unnamed: 13,Unnamed: 14,CONDIÇÃO DA CONSERVAÇÃO,Unnamed: 16,Unnamed: 17,Unnamed: 18,Unnamed: 19,Unnamed: 20,Unnamed: 21,Unnamed: 22,Unnamed: 23,Data,Latitude,Longitude,Observação,IC,IP,ICM,,,,,,,
icm-dados-aberto-12_2023.xlsx,UF,Rodovia,Sentido,km inicial,km final,Extensão (km),CONDIÇÃO DA PISTA DE ROLAMENTO,Unnamed: 7,Unnamed: 8,Unnamed: 9,Unnamed: 10,Unnamed: 11,Unnamed: 12,Unnamed: 13,Unnamed: 14,Unnamed: 15,Unnamed: 16,Unnamed: 17,Unnamed: 18,Unnamed: 19,Unnamed: 20,Unnamed: 21,Unnamed: 22,Unnamed: 23,Data,Latitude,Longitude,Observação,ICMNP,,,,,,,,,
icm-dados-abertos-02_2025-1.xlsx,Contrato,UF,Rodovia,Sentido,km inicial,km final,Extensão (km),CONDIÇÃO DA PISTA DE ROLAMENTO,Unnamed: 8,Unnamed: 9,Unnamed: 10,Unnamed: 11,Unnamed: 12,Unnamed: 13,Unnamed: 14,Unnamed: 15,Unnamed: 16,Unnamed: 17,Unnamed: 18,Unnamed: 19,Unnamed: 20,Unnamed: 21,Unnamed: 22,Unnamed: 23,Unnamed: 24,Data,Latitude,Longitude,Observação,ICMNP,,,,,,,,
icm-dados-abertos-06_2024.xlsx,UF,Rodovia,Sentido,km inicial,km final,Extensão (km),CONDIÇÃO DO PAVIMENTO,Unnamed: 7,Unnamed: 8,Unnamed: 9,Unnamed: 10,Unnamed: 11,Unnamed: 12,Unnamed: 13,Unnamed: 14,CONDIÇÃO DA CONSERVAÇÃO,Unnamed: 16,Unnamed: 17,Unnamed: 18,Unnamed: 19,Unnamed: 20,Unnamed: 21,Unnamed: 22,Unnamed: 23,Data,Latitude,Longitude,Observação,IC,IP,ICM,,,,,,,
icm-dados-abertos-07_2024.xlsx,UF,Rodovia,Sentido,km inicial,km final,Extensão (km),CONDIÇÃO DO PAVIMENTO,Unnamed: 7,Unnamed: 8,Unnamed: 9,Unnamed: 10,Unnamed: 11,Unnamed: 12,Unnamed: 13,Unnamed: 14,CONDIÇÃO DA CONSERVAÇÃO,Unnamed: 16,Unnamed: 17,Unnamed: 18,Unnamed: 19,Unnamed: 20,Unnamed: 21,Unnamed: 22,Unnamed: 23,Data,Latitude,Longitude,Observação,IC,IP,ICM,,,,,,,
icm-dados-abertos-09_2024.xlsx,UF,Rodovia,Sentido,km inicial,km final,Extensão (km),CONDIÇÃO DO PAVIMENTO,Unnamed: 7,Unnamed: 8,Unnamed: 9,Unnamed: 10,Unnamed: 11,Unnamed: 12,Unnamed: 13,Unnamed: 14,CONDIÇÃO DA CONSERVAÇÃO,Unnamed: 16,Unnamed: 17,Unnamed: 18,Unnamed: 19,Unnamed: 20,Unnamed: 21,Unnamed: 22,Unnamed: 23,Data,Latitude,Longitude,Observação,IC,IP,ICM,Unnamed: 31,km inicial.1,km final.1,Data.1,IC.1,IP.1,ICM.1
icm-dados-abertos-11_2024.xlsx,UF,Rodovia,km inicial,km final,Extensão (km),CONDIÇÃO DO PAVIMENTO,Unnamed: 6,Unnamed: 7,Unnamed: 8,Unnamed: 9,Unnamed: 10,Unnamed: 11,Unnamed: 12,Unnamed: 13,CONDIÇÃO DA CONSERVAÇÃO,Unnamed: 15,Unnamed: 16,Unnamed: 17,Unnamed: 18,Unnamed: 19,Unnamed: 20,Unnamed: 21,Unnamed: 22,Data,Latitude,Longitude,Observação,IC,IP,ICM,,,,,,,,
icm-dados-abertos-12_2024.xlsx,UF,Rodovia,Sentido,km inicial,km final,Extensão (km),CONDIÇÃO DA PISTA DE ROLAMENTO,Unnamed: 7,Unnamed: 8,Unnamed: 9,Unnamed: 10,Unnamed: 11,Unnamed: 12,Unnamed: 13,Unnamed: 14,Unnamed: 15,Unnamed: 16,Unnamed: 17,Unnamed: 18,Unnamed: 19,Unnamed: 20,Unnamed: 21,Unnamed: 22,Unnamed: 23,Data,Latitude,Longitude,Observação,ICMNP,,,,,,,,,
icm-fev-2023.csv,UF,Rodovia,km inicial,km final,Extensão (km),Data,Latitude,Longitude,ICMNP,,,,,,,,,,,,,,,,,,,,,,,,,,,,,
icm_-01-2023-transparencia.csv,UF,Rodovia,km inicial,km final,Extensão (km),Data,Latitude,Longitude,Observação,ICMNP,,,,,,,,,,,,,,,,,,,,,,,,,,,,
icm_-05_2022_transp.csv,UF,Rodovia,km inicial,km final,Extensão (km),Data,Latitude,Longitude,Observação,ICC,ICP,ICM,,,,,,,,,,,,,,,,,,,,,,,,,,
icm_01_2021.xlsx,,,,,,,,,,,,,,,,,,,,,,,,,,,,,,,,,,,,,,
icm_01_2022.csv,UF,Rodovia,km inicial,km final,Extensão (km),Data,Latitude,Longitude,Observação,ICC,ICP,ICM,,,,,,,,,,,,,,,,,,,,,,,,,,
icm_02_2022.csv,UF,Rodovia,km inicial,km final,Extensão (km),Data,Latitude,Longitude,Observação,ICC,ICP,ICM,,,,,,,,,,,,,,,,,,,,,,,,,,
icm_03_2021.csv,ERRO: Não foi possível identificar o cabeçalho.,,,,,,,,,,,,,,,,,,,,,,,,,,,,,,,,,,,,,
icm_03_2022_v.csv,UF,Rodovia,km inicial,km final,Extensão (km),Data,Latitude,Longitude,Observação,ICC,ICP,ICM,,,,,,,,,,,,,,,,,,,,,,,,,,
icm_04_2021.csv,ERRO: Não foi possível identificar o cabeçalho.,,,,,,,,,,,,,,,,,,,,,,,,,,,,,,,,,,,,,
icm_04_2022.csv,UF,Rodovia,km inicial,km final,Extensão (km),Data,Latitude,Longitude,Observação,ICMNP,,,,,,,,,,,,,,,,,,,,,,,,,,,,
icm_06_2021.csv,UF,Rodovia,km inicial,km final,Extensão (km),Data,Latitude,Longitude,ICC,ICP,ICM,,,,,,,,,,,,,,,,,,,,,,,,,,,
icm_06_2022-.csv,UF,Rodovia,km inicial,km final,Extensão (km),Data,Latitude,Longitude,Observação,ICMNP,,,,,,,,,,,,,,,,,,,,,,,,,,,,
icm_06_2023-transparencia.csv,UF,Rodovia,km inicial,km final,Extensão (km),Data,Latitude,Longitude,ICMNP,,,,,,,,,,,,,,,,,,,,,,,,,,,,,
icm_07_2021.csv,UF,Rodovia,km inicial,km final,Extensão (km),Data,Latitude,Longitude,Observação,ICC,ICP,ICM,,,,,,,,,,,,,,,,,,,,,,,,,,
icm_07_2022.csv,UF,Rodovia,km inicial,km final,Extensão (km),Data,Latitude,Longitude,Observação,ICMNP,,,,,,,,,,,,,,,,,,,,,,,,,,,,
icm_07_2023-dados-abertos.csv,UF,Rodovia,km inicial,km final,Extensão (km),Data,Latitude,Longitude,ICMNP,Unnamed: 9,,,,,,,,,,,,,,,,,,,,,,,,,,,,
icm_09_2021.csv,UF,Rodovia,km inicial,km final,Extensão (km),Data,Latitude,Longitude,Observação,ICMNP,,,,,,,,,,,,,,,,,,,,,,,,,,,,
icm_09_2022.csv,UF,Rodovia,km inicial,km final,Extensão (km),Data,Latitude,Longitude,ICC,ICP,ICM,,,,,,,,,,,,,,,,,,,,,,,,,,,
icm_10_2021.csv,UF,Rodovia,km inicial,km final,Extensão (km),Data,Latitude,Longitude,Observação,ICC,ICP,ICM,,,,,,,,,,,,,,,,,,,,,,,,,,
icm_11_2021.csv,UF,Rodovia,km inicial,km final,Extensão (km),Data,Latitude,Longitude,ICC,ICP,ICM,,,,,,,,,,,,,,,,,,,,,,,,,,,
icm_11_2022.csv,UF,Rodovia,km inicial,km final,Extensão (km),ICMNP,,,,,,,,,,,,,,,,,,,,,,,,,,,,,,,,
icm_12_2020.csv,Contrato,UF,Rodovia,km inicial,km final,Extensão (km),Data,Latitude,Longitude,ICC,ICP,ICM,,,,,,,,,,,,,,,,,,,,,,,,,,
icm_12_2021.csv,UF,Rodovia,km inicial,km final,Extensão (km),Data,Latitude,Longitude,Observação,ICC,ICP,ICM,,,,,,,,,,,,,,,,,,,,,,,,,,
icm_12_2022.csv,UF,Rodovia,km inicial,km final,Extensão (km),Data,Latitude,Longitude,ICC,ICP,ICM,,,,,,,,,,,,,,,,,,,,,,,,,,,
icm_agosto-2021v.csv,UF,Rodovia,km inicial,km final,Extensão (km),Data,Latitude,Longitude,Observação,ICC,ICP,ICM,,,,,,,,,,,,,,,,,,,,,,,,,,
icm_agosto_2022.csv,UF,Rodovia,km inicial,km final,Extensão (km),Data,Latitude,Longitude,Observação,ICC,ICP,ICM,,,,,,,,,,,,,,,,,,,,,,,,,,
icm_dados-abertos-08_2024-.xlsx,,,,,,,,,,,,,,,,,,,,,,,,,,,,,,,,,,,,,,
icm_fev_2021.csv,UF,Rodovia,km inicial,km final,Extensão (km),Data,Latitude,Longitude,Observação,ICC,ICP,ICM,,,,,,,,,,,,,,,,,,,,,,,,,,
levantamentos-icm-04_2024-transparencia.xlsx,UF,Rodovia,Sentido,km inicial,km final,Extensão (km),CONDIÇÃO DO PAVIMENTO,Unnamed: 7,Unnamed: 8,Unnamed: 9,Unnamed: 10,Unnamed: 11,Unnamed: 12,Unnamed: 13,Unnamed: 14,CONDIÇÃO DA CONSERVAÇÃO,Unnamed: 16,Unnamed: 17,Unnamed: 18,Unnamed: 19,Unnamed: 20,Unnamed: 21,Unnamed: 22,Unnamed: 23,Data,Latitude,Longitude,Observação,IC,IP,ICM,,,,,,,
levantamentos_2025-03_pav.xlsx,Contrato,UF,Rodovia,Sentido,km inicial,km final,Extensão (km),CONDIÇÃO DO PAVIMENTO,Unnamed: 8,Unnamed: 9,Unnamed: 10,Unnamed: 11,Unnamed: 12,Unnamed: 13,Unnamed: 14,Unnamed: 15,CONDIÇÃO DA CONSERVAÇÃO,Unnamed: 17,Unnamed: 18,Unnamed: 19,Unnamed: 20,Unnamed: 21,Unnamed: 22,Unnamed: 23,Unnamed: 24,Unnamed: 25,Data,Latitude,Longitude,IC,IP,ICM,Observação,,,,,
levantamentos_2025-04_pav.xlsx,Contrato,UF,Rodovia,Sentido,km inicial,km final,Extensão (km),CONDIÇÃO DO PAVIMENTO,Unnamed: 8,Unnamed: 9,Unnamed: 10,Unnamed: 11,Unnamed: 12,Unnamed: 13,Unnamed: 14,Unnamed: 15,CONDIÇÃO DA CONSERVAÇÃO,Unnamed: 17,Unnamed: 18,Unnamed: 19,Unnamed: 20,Unnamed: 21,Unnamed: 22,Unnamed: 23,Unnamed: 24,Unnamed: 25,Data,Latitude,Longitude,IC,IP,ICM,Observação,,,,,
levantamentos_2025-05_pav.xlsx,Contrato,UF,Rodovia,Sentido,km inicial,km final,Extensão (km),CONDIÇÃO DO PAVIMENTO,Unnamed: 8,Unnamed: 9,Unnamed: 10,Unnamed: 11,Unnamed: 12,Unnamed: 13,Unnamed: 14,Unnamed: 15,CONDIÇÃO DA CONSERVAÇÃO,Unnamed: 17,Unnamed: 18,Unnamed: 19,Unnamed: 20,Unnamed: 21,Unnamed: 22,Unnamed: 23,Unnamed: 24,Unnamed: 25,Data,Latitude,Longitude,IC,IP,ICM,Observação,,,,,
levantamentos_2025-06_pav.xlsx,Contrato,UF,Rodovia,Sentido,km inicial,km final,Extensão (km),CONDIÇÃO DO PAVIMENTO,Unnamed: 8,Unnamed: 9,Unnamed: 10,Unnamed: 11,Unnamed: 12,Unnamed: 13,Unnamed: 14,Unnamed: 15,CONDIÇÃO DA CONSERVAÇÃO,Unnamed: 17,Unnamed: 18,Unnamed: 19,Unnamed: 20,Unnamed: 21,Unnamed: 22,Unnamed: 23,Unnamed: 24,Unnamed: 25,Data,Latitude,Longitude,IC,IP,ICM,Observação,,,,,
levantamentos_2025-07_pav.xlsx,Contrato,UF,Rodovia,Sentido,km inicial,km final,Extensão (km),CONDIÇÃO DO PAVIMENTO,Unnamed: 8,Unnamed: 9,Unnamed: 10,Unnamed: 11,Unnamed: 12,Unnamed: 13,Unnamed: 14,Unnamed: 15,CONDIÇÃO DA CONSERVAÇÃO,Unnamed: 17,Unnamed: 18,Unnamed: 19,Unnamed: 20,Unnamed: 21,Unnamed: 22,Unnamed: 23,Unnamed: 24,Unnamed: 25,Data,Latitude,Longitude,IC,IP,ICM,Observação,,,,,
levantamentos_2025-08_pav.xlsx,Contrato,UF,Rodovia,Sentido,km inicial,km final,Extensão (km),CONDIÇÃO DO PAVIMENTO,Unnamed: 8,Unnamed: 9,Unnamed: 10,Unnamed: 11,Unnamed: 12,Unnamed: 13,Unnamed: 14,Unnamed: 15,CONDIÇÃO DA CONSERVAÇÃO,Unnamed: 17,Unnamed: 18,Unnamed: 19,Unnamed: 20,Unnamed: 21,Unnamed: 22,Unnamed: 23,Unnamed: 24,Unnamed: 25,Data,Latitude,Longitude,IC,IP,ICM,Observação,,,,,
levantamentos_2025_11.xlsx,id_malha,UF,Contrato,Ano,Mes,Rodovia,km,Sentido,Km_Inicial,Km_Final,Num_Faixas,Superfície,Data Aval.,IP,IC,ICM,ICM_Unificado,,,,,,,,,,,,,,,,,,,,,
levantamentos_pavimentada_2025_08.csv,id_malha,UF,Contrato,Ano,Mes,Rodovia,km,Sentido,Km_Inicial,Km_Final,Num_Faixas,Superfície,Data Aval.,IP,IC,ICM,ICM_Unificado,,,,,,,,,,,,,,,,,,,,,
levantamentos_pavimentada_2025_09.csv,id_malha,UF,Contrato,Ano,Mes,Rodovia,km,Sentido,Km_Inicial,Km_Final,Num_Faixas,Superfície,Data Aval.,IP,IC,ICM,ICM_Unificado,,,,,,,,,,,,,,,,,,,,,
levantamentos_pavimentada_2025_10.csv,id_malha,UF,Contrato,Ano,Mes,Rodovia,km,Sentido,Km_Inicial,Km_Final,Num_Faixas,Superfície,Data Aval.,IP,IC,ICM,ICM_Unificado,,,,,,,,,,,,,,,,,,,,,
levantamentos_pavimentada_2025_12.csv,id_malha,UF,Contrato,Ano,Mes,Rodovia,km,Sentido,Km_Inicial,Km_Final,Num_Faixas,Superfície,Data Aval.,IP,IC,ICM,ICM_Unificado,,,,,,,,,,,,,,,,,,,,,
levantamentos_pavimentada_2026_01.csv,id_malha,UF,Contrato,Ano,Mes,Rodovia,km,Sentido,Km_Inicial,Km_Final,Num_Faixas,Superfície,Data Aval.,IP,IC,ICM,ICM_Unificado,,,,,,,,,,,,,,,,,,,,,
levantamentos_pavimentada_2026_02.csv,id_malha,UF,Contrato,Ano,Mes,Rodovia,km,Sentido,Km_Inicial,Km_Final,Num_Faixas,Superfície,Data Aval.,IP,IC,ICM,ICM_Unificado,,,,,,,,,,,,,,,,,,,,,
levantamentos_pavimentada_2026_03-1.csv,id_malha,UF,Contrato,Ano,Mes,Rodovia,km,Sentido,Km_Inicial,Km_Final,Num_Faixas,Superfície,Data Aval.,IP,IC,ICM,ICM_Unificado,,,,,,,,,,,,,,,,,,,,,
levantamentos_pavimentada_2026_05.csv,id_malha,UF,Contrato,Ano,Mes,Panela,Remendo,Trincamento,Rocada,Drenagem,Sinalizacao_Vertical,Sinalizacao_Horizontal,Rodovia,km,Sentido,Km_Inicial,Km_Final,Num_Faixas,Superfície,Data Aval.,IP,IC,ICM,ICM_Unificado,,,,,,,,,,,,,,
levantamentos_pavimentada_2026_06.csv,id_malha,UF,Contrato,Ano,Mes,Panela,Remendo,Trincamento,Rocada,Drenagem,Sinalizacao_Vertical,Sinalizacao_Horizontal,Rodovia,km,Sentido,Km_Inicial,Km_Final,Num_Faixas,Superfície,Data Aval.,IP,IC,ICM,ICM_Unificado,,,,,,,,,,,,,,
levantamentos_pavimentada_2026_07.csv,id_malha,UF,Contrato,Ano,Mes,Panela,Remendo,Trincamento,Rocada,Drenagem,Sinalizacao_Vertical,Sinalizacao_Horizontal,Rodovia,km,Sentido,Km_Inicial,Km_Final,Num_Faixas,Superfície,Data Aval.,IP,IC,ICM,ICM_Unificado,,,,,,,,,,,,,,
levantamentos_pavimentada_2026_08.csv,id_malha,UF,Contrato,Ano,Mes,Panela,Remendo,Trincamento,Rocada,Drenagem,Sinalizacao_Vertical,Sinalizacao_Horizontal,Rodovia,km,Sentido,Km_Inicial,Km_Final,Num_Faixas,Superfície,Data Aval.,IP,IC,ICM,ICM_Unificado,,,,,,,,,,,,,,
