arquivo_original;arquivo_gerado;linhas;data_minima;data_maxima;colunas_geradas;colunas_vazias;observacoes
icm-01_2025-dados-abertos.xlsx;icm_2025_01.csv;91720;2025-01-02;2025-01-31;;;
icm-03_2023-transparencia.csv;icm_2023_03.csv;3611;2023-03-02;2023-04-04;;sentido, icc, icp;
icm-04_2023-transparencia.csv;icm_2023_04.csv;3968;2023-04-05;2023-05-05;;sentido, icc, icp;
icm-05_2023_transparencia.csv;icm_2023_05.csv;4995;2023-05-03;2023-05-31;;sentido, icc, icp;
icm-05_2024-transparencia.xlsx;icm_2024_05.csv;74753;2024-05-02;2024-06-04;;sentido;
icm-08_2023-dados-abertos.csv;icm_2023_08.csv;5127;2023-08-01;2023-08-31;;sentido, icc, icp;
icm-09_2023-dados_abertos.csv;icm_2023_09.csv;64005;2023-09-01;2023-09-30;;sentido;
icm-10_2022.csv;icm_2022_10.csv;39786;2022-10-03;2022-11-03;;sentido;
icm-10_2023-transparencia.csv;icm_2023_10.csv;5221;2023-10-03;2023-10-31;;sentido, icc, icp;
icm-dados-aberto-01_2024.xlsx;icm_2024_01.csv;63142;2024-01-02;2024-02-22;;sentido;
icm-dados-aberto-02_2024.xlsx;icm_2024_02.csv;65483;2024-02-01;2024-03-19;;sentido;
icm-dados-aberto-03_2024.xlsx;icm_2024_03.csv;67903;2024-03-01;2024-04-02;;sentido;
icm-dados-aberto-11_2023.xlsx;icm_2023_11.csv;30897;2023-11-01;2023-11-30;;;
icm-dados-aberto-12_2023.xlsx;icm_2023_12.csv;982;2023-12-03;2023-12-29;;icc, icp;
icm-dados-abertos-02_2025-1.xlsx;icm_2025_02.csv;5160;2025-02-03;2025-02-28;;icc, icp;
icm-dados-abertos-06_2024.xlsx;icm_2024_06.csv;70318;2024-06-01;2024-07-01;;;
icm-dados-abertos-07_2024.xlsx;icm_2024_07.csv;80403;2024-06-28;2024-07-31;;;
icm-dados-abertos-09_2024.xlsx;icm_2024_09.csv;80203;2024-09-02;2024-09-30;;;
icm-dados-abertos-10_2024.xlsx;icm_2024_10.csv;85619;2024-10-01;2024-10-31;;;
icm-dados-abertos-11_2024.xlsx;icm_2024_11.csv;83744;2024-11-01;2024-11-30;;sentido;
icm-dados-abertos-12_2024.xlsx;icm_2024_12.csv;3259;2024-12-03;2024-12-30;;icc, icp;
icm-fev-2023.csv;icm_2023_02.csv;3211;2023-02-01;2023-02-28;;sentido, icc, icp;
icm.csv;icm_2020_11.csv;34571;2020-11-04;2020-12-16;;sentido;
icm_-01-2023-transparencia.csv;icm_2023_01.csv;3091;2023-01-05;2023-02-03;;sentido, icc, icp;
icm_-05_2022_transp.csv;icm_2022_05.csv;45172;2022-04-28;2022-06-01;;sentido;
icm_01_2021.xlsx;icm_2021_01.csv;33784;2021-01-05;2021-02-02;;sentido;
icm_03_2021.csv;icm_2021_03.csv;33902;2021-03-01;2021-03-31;;sentido;
icm_03_2022_v.csv;icm_2022_03.csv;45935;2022-03-02;2022-03-31;;sentido;
icm_04_2021.csv;icm_2021_04.csv;31927;2021-04-01;2021-04-30;;sentido;
icm_04_2022.csv;icm_2022_04.csv;3160;2022-04-07;2022-04-30;;sentido, icc, icp;
icm_06_2021.csv;icm_2021_06.csv;33040;2021-06-02;2021-07-05;;sentido;
icm_06_2022-.csv;icm_2022_06.csv;3536;2022-06-03;2022-06-30;;sentido, icc, icp;
icm_06_2023-transparencia.csv;icm_2023_06.csv;4994;2023-06-01;2023-06-30;;sentido, icc, icp;
icm_07_2022.csv;icm_2022_07.csv;2658;2022-07-04;2022-07-30;;sentido, icc, icp;
icm_07_2023-dados-abertos.csv;icm_2023_07.csv;4981;2023-07-03;2023-07-28;;sentido, icc, icp;
icm_09_2021.csv;icm_2021_09.csv;2034;2021-09-10;2021-09-28;;sentido, icc, icp;
icm_09_2022.csv;icm_2022_09.csv;38672;2022-08-20;2022-10-04;;sentido;
icm_10_2021.csv;icm_2021_10.csv;40751;2021-10-04;2021-11-03;;sentido;
icm_11_2021.csv;icm_2021_11.csv;35758;2021-11-03;2021-12-07;;sentido;
icm_11_2022.csv;icm_2022_11.csv;3357;2022-11-01;2022-11-01;data: mês do levantamento (3357 linhas);sentido, icc, icp;
icm_12_2022.csv;icm_2022_12.csv;39839;2022-01-10;2022-12-31;;sentido;
icm_agosto-2021v.csv;icm_2021_08.csv;40240;2021-08-02;2021-09-02;;sentido;
icm_agosto_2022.csv;icm_2022_08.csv;38474;2022-08-01;2022-09-02;;sentido;
icm_dados-abertos-08_2024-.xlsx;icm_2024_08.csv;80756;2024-08-01;2024-08-30;;sentido;
icm_dezembro_csv.csv;icm_2021_12.csv;41414;2021-12-01;2021-12-31;;sentido;
icm_fev_2021.csv;icm_2021_02.csv;31089;2021-02-01;2021-03-03;;sentido;
icm_fevereiro_csv.csv;icm_2022_02.csv;46367;2022-02-01;2022-03-04;;sentido;
icm_janeiro_csv.csv;icm_2022_01.csv;44228;2022-01-03;2022-01-31;;sentido;
icm_julho21.csv;icm_2021_07.csv;36419;2021-06-29;2021-07-31;;sentido;
levantamentos-icm-04_2024-transparencia.xlsx;icm_2024_04.csv;76138;2024-04-01;2024-05-07;;;
levantamentos_2025-03_pav.xlsx;icm_2025_03.csv;92857;2025-03-03;2025-03-31;;;
levantamentos_2025-04_pav.xlsx;icm_2025_04.csv;90854;2025-04-01;2025-04-30;;;
levantamentos_2025-05_pav.xlsx;icm_2025_05.csv;87681;2025-05-01;2025-05-31;;;
levantamentos_2025-06_pav.xlsx;icm_2025_06.csv;86336;2025-06-02;2025-06-30;;;
levantamentos_2025-07_pav.xlsx;icm_2025_07.csv;87163;2025-07-01;2025-07-31;;;
levantamentos_2025-08_pav.xlsx;icm_2025_08.csv;91464;2025-08-01;2025-08-30;;;
levantamentos_2025_11.xlsx;icm_2025_11.csv;103565;2025-04-01;2025-12-28;;;
levantamentos_pavimentada_2025_08.csv;icm_2025_08_2.csv;97230;2025-03-25;2025-08-15;;;icm_2025_08.csv já gerado a partir de levantamentos_2025-08_pav.xlsx
levantamentos_pavimentada_2025_09.csv;icm_2025_09.csv;97230;2025-03-25;2025-09-19;;;
levantamentos_pavimentada_2025_10.csv;icm_2025_10.csv;97230;2025-03-25;2025-11-11;;;
levantamentos_pavimentada_2025_12.csv;icm_2025_12.csv;103443;2025-04-01;2025-12-28;;;
levantamentos_pavimentada_2026_01.csv;icm_2026_01.csv;109674;2025-04-01;2026-02-07;;;
levantamentos_pavimentada_2026_02.csv;icm_2026_02.csv;109717;2025-04-01;2026-03-04;;;
levantamentos_pavimentada_2026_03-1.csv;icm_2026_03.csv;115647;2025-04-01;2026-04-09;;;
levantamentos_pavimentada_2026_05.csv;icm_2026_05.csv;209204;2024-02-25;2026-06-04;;;
levantamentos_pavimentada_2026_06.csv;icm_2026_06.csv;209900;2024-02-25;2026-07-06;;;
levantamentos_pavimentada_2026_07.csv;icm_2026_07.csv;213039;2024-02-25;2026-08-05;;;
levantamentos_pavimentada_2026_08.csv;icm_2026_08.csv;93334;2026-08-02;2026-08-31;;;
