uf;rodovia;sentido;data;data_original;meses_adiantados;km_pareados;proporcao_identicos;icm_medio;icm_distintos;arquivo;arquivo_original
PR;BR-158;C;2021-11-24;2021-08-24;3;71;0,9718;25,5915;3;icm_2021_11.csv;icm_2021_08.csv
PR;BR-373;C;2021-11-19;2021-10-19;1;100;0,99;25,07;2;icm_2021_11.csv;icm_2021_10.csv
BA;BR-030;C;2022-05-24;2022-03-24;2;19;1,0;36,0263;11;icm_2022_05.csv;icm_2022_03.csv
AC;BR-307;C;2024-02-16;2024-01-16;1;33;1,0;23,2045;23;icm_2024_02.csv;icm_2024_01.csv
AC;BR-307;D;2024-02-26;2024-01-26;1;35;1,0;27,3071;25;icm_2024_02.csv;icm_2024_01.csv
AC;BR-317;C;2024-02-09;2024-01-09;1;53;1,0;50,8255;21;icm_2024_02.csv;icm_2024_01.csv
AC;BR-317;C;2024-02-12;2024-01-12;1;36;1,0;33,2986;21;icm_2024_02.csv;icm_2024_01.csv
AC;BR-317;C;2024-02-18;2024-01-18;1;42;1,0;38,6369;28;icm_2024_02.csv;icm_2024_01.csv
AC;BR-317;C;2024-02-19;2024-01-19;1;75;1,0;29,8967;36;icm_2024_02.csv;icm_2024_01.csv
AC;BR-317;C;2024-02-22;2024-01-22;1;91;1,0;23,3352;45;icm_2024_02.csv;icm_2024_01.csv
AC;BR-317;D;2024-02-09;2024-01-09;1;91;1,0;31,1896;44;icm_2024_02.csv;icm_2024_01.csv
AC;BR-317;D;2024-02-23;2024-01-23;1;183;1,0;32,8169;56;icm_2024_02.csv;icm_2024_01.csv
AC;BR-317;D;2024-02-24;2024-01-24;1;118;1,0;40,464;48;icm_2024_02.csv;icm_2024_01.csv
AC;BR-364;C;2024-02-08;2024-01-08;1;26;1,0;50,7981;16;icm_2024_02.csv;icm_2024_01.csv
AC;BR-364;C;2024-02-11;2024-01-11;1;167;1,0;57,9012;35;icm_2024_02.csv;icm_2024_01.csv
AC;BR-364;C;2024-02-15;2024-01-15;1;97;1,0;72,067;22;icm_2024_02.csv;icm_2024_01.csv
AC;BR-364;C;2024-02-16;2024-01-16;1;234;1,0;50,625;71;icm_2024_02.csv;icm_2024_01.csv
AC;BR-364;C;2024-02-22;2024-01-22;1;119;1,0;29,9286;61;icm_2024_02.csv;icm_2024_01.csv
AC;BR-364;C;2024-02-24;2024-01-24;1;72;1,0;67,9444;17;icm_2024_02.csv;icm_2024_01.csv
AC;BR-364;D;2024-02-08;2024-01-08;1;129;1,0;44,9845;62;icm_2024_02.csv;icm_2024_01.csv
AC;BR-364;D;2024-02-17;2024-01-17;1;53;1,0;66,5802;23;icm_2024_02.csv;icm_2024_01.csv
AC;BR-364;D;2024-02-22;2024-01-22;1;13;1,0;29,5385;12;icm_2024_02.csv;icm_2024_01.csv
AC;BR-364;D;2024-02-26;2024-01-26;1;387;1,0;61,3172;63;icm_2024_02.csv;icm_2024_01.csv
AC;BR-364;D;2024-02-27;2024-01-27;1;142;1,0;51,1778;52;icm_2024_02.csv;icm_2024_01.csv
AL;BR-101;C;2024-02-12;2024-01-12;1;111;1,0;21,0518;40;icm_2024_02.csv;icm_2024_01.csv
AL;BR-101;C;2024-02-15;2024-01-15;1;65;1,0;18,3923;32;icm_2024_02.csv;icm_2024_01.csv
AL;BR-101;D;2024-02-12;2024-01-12;1;110;1,0;19,8409;42;icm_2024_02.csv;icm_2024_01.csv
AL;BR-101;D;2024-02-15;2024-01-15;1;104;1,0;18,1058;37;icm_2024_02.csv;icm_2024_01.csv
AL;BR-104;C;2024-02-15;2024-01-15;1;62;1,0;18,2944;24;icm_2024_02.csv;icm_2024_01.csv
AL;BR-104;D;2024-02-15;2024-01-15;1;100;1,0;18,0775;31;icm_2024_02.csv;icm_2024_01.csv
AL;BR-110;C;2024-02-16;2024-01-16;1;12;1,0;20,6458;6;icm_2024_02.csv;icm_2024_01.csv
AL;BR-110;D;2024-02-16;2024-01-16;1;12;1,0;19,9167;6;icm_2024_02.csv;icm_2024_01.csv
AL;BR-316;C;2024-02-16;2024-01-16;1;288;1,0;25,9236;64;icm_2024_02.csv;icm_2024_01.csv
AL;BR-316;D;2024-02-16;2024-01-16;1;274;1,0;22,833;61;icm_2024_02.csv;icm_2024_01.csv
AL;BR-416;C;2024-02-15;2024-01-15;1;46;1,0;15,2228;16;icm_2024_02.csv;icm_2024_01.csv
AL;BR-416;D;2024-02-15;2024-01-15;1;47;1,0;15,0851;11;icm_2024_02.csv;icm_2024_01.csv
AL;BR-423;C;2024-02-16;2024-01-16;1;106;1,0;16,4505;21;icm_2024_02.csv;icm_2024_01.csv
AL;BR-423;D;2024-02-16;2024-01-16;1;106;1,0;15,8325;29;icm_2024_02.csv;icm_2024_01.csv
AL;BR-424;C;2024-02-12;2024-01-12;1;16;1,0;20,3281;11;icm_2024_02.csv;icm_2024_01.csv
AL;BR-424;D;2024-02-12;2024-01-12;1;16;1,0;17,3594;13;icm_2024_02.csv;icm_2024_01.csv
BA;BR-020;C;2024-02-12;2024-01-12;1;213;1,0;18,7066;52;icm_2024_02.csv;icm_2024_01.csv
BA;BR-020;D;2024-02-12;2024-01-12;1;212;1,0;19,092;55;icm_2024_02.csv;icm_2024_01.csv
BA;BR-135;C;2024-02-08;2024-01-08;1;173;1,0;18,3815;50;icm_2024_02.csv;icm_2024_01.csv
BA;BR-135;C;2024-02-11;2024-01-11;1;138;1,0;14,0109;28;icm_2024_02.csv;icm_2024_01.csv
BA;BR-135;D;2024-02-11;2024-01-11;1;138;1,0;16,346;32;icm_2024_02.csv;icm_2024_01.csv
BA;BR-135;D;2024-02-15;2024-01-15;1;175;1,0;18,78;50;icm_2024_02.csv;icm_2024_01.csv
BA;BR-242;C;2024-02-02;2024-01-02;1;25;1,0;11,75;8;icm_2024_02.csv;icm_2024_01.csv
BA;BR-242;C;2024-02-09;2024-01-09;1;21;1,0;21,869;15;icm_2024_02.csv;icm_2024_01.csv
BA;BR-242;C;2024-02-19;2024-01-19;1;115;1,0;16,1;24;icm_2024_02.csv;icm_2024_01.csv
BA;BR-242;D;2024-02-02;2024-01-02;1;125;1,0;11,534;24;icm_2024_02.csv;icm_2024_01.csv
BA;BR-242;D;2024-02-09;2024-01-09;1;27;1,0;16,3981;15;icm_2024_02.csv;icm_2024_01.csv
BA;BR-242;D;2024-02-19;2024-01-19;1;27;1,0;23,7222;23;icm_2024_02.csv;icm_2024_01.csv
BA;BR-349;C;2024-02-10;2024-01-10;1;182;1,0;14,2445;32;icm_2024_02.csv;icm_2024_01.csv
BA;BR-349;C;2024-02-11;2024-01-11;1;52;1,0;19,1442;29;icm_2024_02.csv;icm_2024_01.csv
BA;BR-349;D;2024-02-10;2024-01-10;1;182;1,0;14,3146;32;icm_2024_02.csv;icm_2024_01.csv
BA;BR-349;D;2024-02-11;2024-01-11;1;52;1,0;20,476;30;icm_2024_02.csv;icm_2024_01.csv
CE;BR-020;C;2024-02-11;2024-01-11;1;83;1,0;24,4578;27;icm_2024_02.csv;icm_2024_01.csv
CE;BR-020;C;2024-02-18;2024-01-18;1;121;1,0;33,0145;50;icm_2024_02.csv;icm_2024_01.csv
CE;BR-020;C;2024-02-19;2024-01-19;1;203;1,0;42,2833;68;icm_2024_02.csv;icm_2024_01.csv
CE;BR-020;D;2024-02-09;2024-01-09;1;152;1,0;32,0148;61;icm_2024_02.csv;icm_2024_01.csv
CE;BR-020;D;2024-02-11;2024-01-11;1;156;1,0;21,0913;35;icm_2024_02.csv;icm_2024_01.csv
CE;BR-020;D;2024-02-18;2024-01-18;1;99;1,0;38,3864;40;icm_2024_02.csv;icm_2024_01.csv
CE;BR-116;C;2024-02-18;2024-01-18;1;291;1,0;16,7466;42;icm_2024_02.csv;icm_2024_01.csv
CE;BR-116;C;2024-02-22;2024-01-22;1;127;1,0;38,1791;63;icm_2024_02.csv;icm_2024_01.csv
CE;BR-116;C;2024-02-23;2024-01-23;1;111;1,0;29,8378;60;icm_2024_02.csv;icm_2024_01.csv
CE;BR-116;D;2024-02-03;2024-01-03;1;78;1,0;37,2628;43;icm_2024_02.csv;icm_2024_01.csv
CE;BR-116;D;2024-02-04;2024-01-04;1;137;1,0;42,2993;44;icm_2024_02.csv;icm_2024_01.csv
CE;BR-116;D;2024-02-23;2024-01-23;1;32;1,0;13,2812;12;icm_2024_02.csv;icm_2024_01.csv
CE;BR-116;D;2024-02-24;2024-01-24;1;162;1,0;30,0756;66;icm_2024_02.csv;icm_2024_01.csv
CE;BR-122;C;2024-02-08;2024-01-08;1;156;1,0;22,7997;50;icm_2024_02.csv;icm_2024_01.csv
CE;BR-122;D;2024-02-08;2024-01-08;1;156;1,0;20,7163;51;icm_2024_02.csv;icm_2024_01.csv
CE;BR-222;C;2024-02-15;2024-01-15;1;325;1,0;25,6177;63;icm_2024_02.csv;icm_2024_01.csv
CE;BR-222;D;2024-02-15;2024-01-15;1;39;1,0;23,9487;13;icm_2024_02.csv;icm_2024_01.csv
CE;BR-222;D;2024-02-16;2024-01-16;1;216;1,0;23,3588;43;icm_2024_02.csv;icm_2024_01.csv
CE;BR-222;D;2024-02-17;2024-01-17;1;62;1,0;18,0887;21;icm_2024_02.csv;icm_2024_01.csv
CE;BR-226;C;2024-02-04;2024-01-04;1;38;1,0;25,2303;23;icm_2024_02.csv;icm_2024_01.csv
CE;BR-226;C;2024-02-09;2024-01-09;1;83;1,0;22,3102;30;icm_2024_02.csv;icm_2024_01.csv
CE;BR-226;C;2024-02-11;2024-01-11;1;142;1,0;23,7412;46;icm_2024_02.csv;icm_2024_01.csv
CE;BR-226;D;2024-02-04;2024-01-04;1;38;1,0;23,9013;27;icm_2024_02.csv;icm_2024_01.csv
CE;BR-226;D;2024-02-10;2024-01-10;1;136;1,0;21,6158;37;icm_2024_02.csv;icm_2024_01.csv
CE;BR-226;D;2024-02-11;2024-01-11;1;89;1,0;20,9551;34;icm_2024_02.csv;icm_2024_01.csv
CE;BR-230;C;2024-02-03;2024-01-03;1;102;1,0;22,2451;33;icm_2024_02.csv;icm_2024_01.csv
CE;BR-230;D;2024-02-03;2024-01-03;1;104;1,0;25,5889;30;icm_2024_02.csv;icm_2024_01.csv
CE;BR-304;C;2024-02-05;2024-01-05;1;41;1,0;20,2866;17;icm_2024_02.csv;icm_2024_01.csv
CE;BR-304;D;2024-02-05;2024-01-05;1;42;1,0;24,3333;24;icm_2024_02.csv;icm_2024_01.csv
CE;BR-402;C;2024-02-26;2024-01-26;1;127;1,0;24,4783;46;icm_2024_02.csv;icm_2024_01.csv
CE;BR-402;D;2024-02-26;2024-01-26;1;127;1,0;25,9665;54;icm_2024_02.csv;icm_2024_01.csv
CE;BR-403;C;2024-02-26;2024-01-26;1;29;1,0;12,6897;10;icm_2024_02.csv;icm_2024_01.csv
CE;BR-403;D;2024-02-26;2024-01-26;1;29;1,0;8,7672;7;icm_2024_02.csv;icm_2024_01.csv
CE;BR-404;C;2024-02-09;2024-01-09;1;37;1,0;16,0;16;icm_2024_02.csv;icm_2024_01.csv
CE;BR-404;D;2024-02-09;2024-01-09;1;37;1,0;16,8446;16;icm_2024_02.csv;icm_2024_01.csv
DF;BR-070;C;2024-02-17;2024-01-17;1;20;1,0;27,125;15;icm_2024_02.csv;icm_2024_01.csv
DF;BR-080;C;2024-02-17;2024-01-17;1;38;1,0;23,7763;27;icm_2024_02.csv;icm_2024_01.csv
DF;BR-080;D;2024-02-17;2024-01-17;1;36;1,0;28,2083;23;icm_2024_02.csv;icm_2024_01.csv
DF;BR-251;C;2024-02-16;2024-01-16;1;51;1,0;17,5196;30;icm_2024_02.csv;icm_2024_01.csv
DF;BR-251;D;2024-02-16;2024-01-16;1;49;1,0;16,2551;27;icm_2024_02.csv;icm_2024_01.csv
GO;BR-020;C;2024-02-18;2024-01-18;1;231;1,0;16,8539;56;icm_2024_02.csv;icm_2024_01.csv
GO;BR-020;D;2024-02-18;2024-01-18;1;209;1,0;16,6041;49;icm_2024_02.csv;icm_2024_01.csv
GO;BR-060;C;2024-02-03;2024-01-03;1;13;1,0;13,9423;6;icm_2024_02.csv;icm_2024_01.csv
GO;BR-070;C;2024-02-16;2024-01-16;1;183;1,0;12,9426;30;icm_2024_02.csv;icm_2024_01.csv
GO;BR-070;D;2024-02-16;2024-01-16;1;182;1,0;11,5536;27;icm_2024_02.csv;icm_2024_01.csv
GO;BR-158;C;2024-02-15;2024-01-15;1;149;1,0;39,3708;69;icm_2024_02.csv;icm_2024_01.csv
GO;BR-158;C;2024-02-26;2024-01-26;1;125;1,0;21,128;51;icm_2024_02.csv;icm_2024_01.csv
GO;BR-158;D;2024-02-15;2024-01-15;1;148;1,0;31,4206;73;icm_2024_02.csv;icm_2024_01.csv
GO;BR-158;D;2024-02-26;2024-01-26;1;125;1,0;14,81;35;icm_2024_02.csv;icm_2024_01.csv
GO;BR-251;C;2024-02-16;2024-01-16;1;34;1,0;18,2206;17;icm_2024_02.csv;icm_2024_01.csv
GO;BR-251;D;2024-02-16;2024-01-16;1;34;1,0;22,3235;18;icm_2024_02.csv;icm_2024_01.csv
MA;BR-010;C;2024-02-18;2024-01-18;1;212;1,0;11,2252;18;icm_2024_02.csv;icm_2024_01.csv
MA;BR-010;C;2024-02-19;2024-01-19;1;128;1,0;11,3848;22;icm_2024_02.csv;icm_2024_01.csv
MA;BR-010;D;2024-02-18;2024-01-18;1;214;1,0;10,8364;19;icm_2024_02.csv;icm_2024_01.csv
MA;BR-010;D;2024-02-19;2024-01-19;1;126;1,0;11,1131;19;icm_2024_02.csv;icm_2024_01.csv
MA;BR-222;C;2024-02-16;2024-01-16;1;270;1,0;11,5667;27;icm_2024_02.csv;icm_2024_01.csv
MA;BR-222;D;2024-02-16;2024-01-16;1;273;1,0;14,0623;38;icm_2024_02.csv;icm_2024_01.csv
MA;BR-226;C;2024-02-17;2024-01-17;1;272;1,0;8,8024;20;icm_2024_02.csv;icm_2024_01.csv
MA;BR-226;D;2024-02-17;2024-01-17;1;271;1,0;9,5138;28;icm_2024_02.csv;icm_2024_01.csv
MA;BR-230;C;2024-02-18;2024-01-18;1;20;1,0;13,9625;10;icm_2024_02.csv;icm_2024_01.csv
MA;BR-230;D;2024-02-18;2024-01-18;1;18;1,0;12,6111;9;icm_2024_02.csv;icm_2024_01.csv
MG;BR-050;D;2024-02-04;2024-01-04;1;13;1,0;58,1346;11;icm_2024_02.csv;icm_2024_01.csv
MG;BR-146;C;2024-02-04;2024-01-04;1;121;1,0;22,7397;51;icm_2024_02.csv;icm_2024_01.csv
MG;BR-146;D;2024-02-04;2024-01-04;1;121;1,0;23,8595;42;icm_2024_02.csv;icm_2024_01.csv
MG;BR-251;C;2024-02-15;2024-01-15;1;93;1,0;13,5833;31;icm_2024_02.csv;icm_2024_01.csv
MG;BR-251;D;2024-02-15;2024-01-15;1;92;1,0;14,3533;38;icm_2024_02.csv;icm_2024_01.csv
MG;BR-352;C;2024-02-05;2024-01-05;1;27;1,0;29,1852;16;icm_2024_02.csv;icm_2024_01.csv
MG;BR-352;C;2024-02-08;2024-01-08;1;40;1,0;21,1625;16;icm_2024_02.csv;icm_2024_01.csv
MG;BR-352;D;2024-02-05;2024-01-05;1;27;1,0;32,3889;18;icm_2024_02.csv;icm_2024_01.csv
MG;BR-352;D;2024-02-08;2024-01-08;1;40;1,0;21,1688;19;icm_2024_02.csv;icm_2024_01.csv
MG;BR-354;C;2024-02-10;2024-01-10;1;136;1,0;22,6066;59;icm_2024_02.csv;icm_2024_01.csv
MG;BR-354;D;2024-02-10;2024-01-10;1;137;1,0;21,0018;54;icm_2024_02.csv;icm_2024_01.csv
MG;BR-364;C;2024-02-11;2024-01-11;1;107;1,0;20,4322;32;icm_2024_02.csv;icm_2024_01.csv
MG;BR-364;C;2024-02-12;2024-01-12;1;107;1,0;28,2874;52;icm_2024_02.csv;icm_2024_01.csv
MG;BR-364;D;2024-02-11;2024-01-11;1;201;1,0;26,8682;51;icm_2024_02.csv;icm_2024_01.csv
MG;BR-364;D;2024-02-12;2024-01-12;1;42;1,0;15,0119;18;icm_2024_02.csv;icm_2024_01.csv
MG;BR-365;C;2024-02-02;2024-01-02;1;23;1,0;19,1957;13;icm_2024_02.csv;icm_2024_01.csv
MG;BR-365;C;2024-02-04;2024-01-04;1;13;1,0;49,3846;13;icm_2024_02.csv;icm_2024_01.csv
MG;BR-365;C;2024-02-08;2024-01-08;1;46;1,0;33,1141;35;icm_2024_02.csv;icm_2024_01.csv
MG;BR-365;C;2024-02-09;2024-01-09;1;53;1,0;15,0094;20;icm_2024_02.csv;icm_2024_01.csv
MG;BR-365;C;2024-02-11;2024-01-11;1;172;1,0;16,0262;41;icm_2024_02.csv;icm_2024_01.csv
MG;BR-365;D;2024-02-02;2024-01-02;1;23;1,0;21,1848;15;icm_2024_02.csv;icm_2024_01.csv
MG;BR-365;D;2024-02-04;2024-01-04;1;15;1,0;51,6667;13;icm_2024_02.csv;icm_2024_01.csv
MG;BR-365;D;2024-02-08;2024-01-08;1;45;1,0;40,8444;36;icm_2024_02.csv;icm_2024_01.csv
MG;BR-365;D;2024-02-09;2024-01-09;1;130;1,0;19,0923;52;icm_2024_02.csv;icm_2024_01.csv
MG;BR-365;D;2024-02-11;2024-01-11;1;95;1,0;13,9211;18;icm_2024_02.csv;icm_2024_01.csv
MS;BR-060;C;2024-02-23;2024-01-23;1;35;1,0;15,7714;19;icm_2024_02.csv;icm_2024_01.csv
MS;BR-060;D;2024-02-23;2024-01-23;1;35;1,0;17,7357;21;icm_2024_02.csv;icm_2024_01.csv
MS;BR-262;C;2024-02-25;2024-01-25;1;181;1,0;14,145;19;icm_2024_02.csv;icm_2024_01.csv
MS;BR-262;C;2024-02-26;2024-01-26;1;66;1,0;17,7197;21;icm_2024_02.csv;icm_2024_01.csv
MS;BR-262;C;2024-02-27;2024-01-27;1;16;1,0;28,625;16;icm_2024_02.csv;icm_2024_01.csv
MS;BR-262;D;2024-02-25;2024-01-25;1;218;1,0;12,7408;15;icm_2024_02.csv;icm_2024_01.csv
MS;BR-262;D;2024-02-26;2024-01-26;1;66;1,0;15,0114;16;icm_2024_02.csv;icm_2024_01.csv
MS;BR-262;D;2024-02-27;2024-01-27;1;155;1,0;16,6629;44;icm_2024_02.csv;icm_2024_01.csv
MS;BR-419;C;2024-02-24;2024-01-24;1;84;1,0;11,7262;14;icm_2024_02.csv;icm_2024_01.csv
PA;BR-155;C;2024-02-12;2024-01-12;1;110;1,0;10,325;13;icm_2024_02.csv;icm_2024_01.csv
PA;BR-155;C;2024-02-13;2024-01-13;1;220;1,0;12,6227;22;icm_2024_02.csv;icm_2024_01.csv
PA;BR-155;C;2024-02-23;2024-01-23;1;15;1,0;9,4;5;icm_2024_02.csv;icm_2024_01.csv
PA;BR-155;D;2024-02-12;2024-01-12;1;49;1,0;12,5867;11;icm_2024_02.csv;icm_2024_01.csv
PA;BR-155;D;2024-02-13;2024-01-13;1;155;1,0;17,4548;22;icm_2024_02.csv;icm_2024_01.csv
PA;BR-155;D;2024-02-14;2024-01-14;1;126;1,0;13,5;22;icm_2024_02.csv;icm_2024_01.csv
PA;BR-155;D;2024-02-25;2024-01-25;1;15;1,0;12,9;7;icm_2024_02.csv;icm_2024_01.csv
PA;BR-158;C;2024-02-12;2024-01-12;1;300;1,0;12,7533;27;icm_2024_02.csv;icm_2024_01.csv
PA;BR-158;D;2024-02-12;2024-01-12;1;300;1,0;10,9042;23;icm_2024_02.csv;icm_2024_01.csv
PA;BR-230;C;2024-02-09;2024-01-09;1;141;1,0;10,4202;23;icm_2024_02.csv;icm_2024_01.csv
PA;BR-230;C;2024-02-12;2024-01-12;1;15;1,0;8,6333;4;icm_2024_02.csv;icm_2024_01.csv
PA;BR-230;C;2024-02-23;2024-01-23;1;32;1,0;8,9766;6;icm_2024_02.csv;icm_2024_01.csv
PA;BR-230;C;2024-02-24;2024-01-24;1;68;1,0;14,0;21;icm_2024_02.csv;icm_2024_01.csv
PA;BR-230;C;2024-02-27;2024-01-27;1;162;1,0;10,6481;25;icm_2024_02.csv;icm_2024_01.csv
PA;BR-230;D;2024-02-09;2024-01-09;1;156;1,0;10,7196;26;icm_2024_02.csv;icm_2024_01.csv
PA;BR-230;D;2024-02-23;2024-01-23;1;187;1,0;10,3449;26;icm_2024_02.csv;icm_2024_01.csv
PA;BR-230;D;2024-02-24;2024-01-24;1;76;1,0;15,0691;22;icm_2024_02.csv;icm_2024_01.csv
PE;BR-101;C;2024-02-24;2024-01-24;1;60;1,0;18,7917;21;icm_2024_02.csv;icm_2024_01.csv
PE;BR-101;D;2024-02-24;2024-01-24;1;40;1,0;18,1125;22;icm_2024_02.csv;icm_2024_01.csv
PE;BR-110;C;2024-02-26;2024-01-26;1;55;1,0;31,8;15;icm_2024_02.csv;icm_2024_01.csv
PE;BR-110;D;2024-02-26;2024-01-26;1;55;1,0;29,4909;9;icm_2024_02.csv;icm_2024_01.csv
RN;BR-226;D;2024-02-09;2024-01-09;1;12;1,0;13,9167;4;icm_2024_02.csv;icm_2024_01.csv
RO;BR-174;C;2024-02-16;2024-01-16;1;13;1,0;1,3269;2;icm_2024_02.csv;icm_2024_01.csv
RO;BR-174;D;2024-02-16;2024-01-16;1;20;1,0;0,6;2;icm_2024_02.csv;icm_2024_01.csv
RO;BR-319;C;2024-02-03;2024-01-03;1;132;1,0;13,0114;35;icm_2024_02.csv;icm_2024_01.csv
RO;BR-319;D;2024-02-03;2024-01-03;1;131;1,0;13,0267;35;icm_2024_02.csv;icm_2024_01.csv
RO;BR-364;C;2024-02-03;2024-01-03;1;93;1,0;14,2661;25;icm_2024_02.csv;icm_2024_01.csv
RO;BR-364;C;2024-02-05;2024-01-05;1;28;1,0;12,5179;10;icm_2024_02.csv;icm_2024_01.csv
RO;BR-364;C;2024-02-08;2024-01-08;1;467;0,9979;4,8228;36;icm_2024_02.csv;icm_2024_01.csv
RO;BR-364;C;2024-02-10;2024-01-10;1;86;1,0;11,8517;24;icm_2024_02.csv;icm_2024_01.csv
RO;BR-364;C;2024-02-12;2024-01-12;1;160;1,0;27,4641;63;icm_2024_02.csv;icm_2024_01.csv
RO;BR-364;C;2024-02-13;2024-01-13;1;123;1,0;15,3232;31;icm_2024_02.csv;icm_2024_01.csv
RO;BR-364;D;2024-02-03;2024-01-03;1;121;1,0;17,4628;37;icm_2024_02.csv;icm_2024_01.csv
RO;BR-364;D;2024-02-08;2024-01-08;1;391;1,0;5,1829;36;icm_2024_02.csv;icm_2024_01.csv
RO;BR-364;D;2024-02-10;2024-01-10;1;87;1,0;11,8075;21;icm_2024_02.csv;icm_2024_01.csv
RO;BR-364;D;2024-02-13;2024-01-13;1;332;1,0;20,9616;76;icm_2024_02.csv;icm_2024_01.csv
RO;BR-364;D;2024-02-19;2024-01-19;1;14;1,0;10,0536;6;icm_2024_02.csv;icm_2024_01.csv
RO;BR-364;D;2024-02-25;2024-01-25;1;22;1,0;17,75;12;icm_2024_02.csv;icm_2024_01.csv
RO;BR-421;C;2024-02-10;2024-01-10;1;70;1,0;19,6964;35;icm_2024_02.csv;icm_2024_01.csv
RO;BR-421;D;2024-02-10;2024-01-10;1;70;1,0;22,7821;39;icm_2024_02.csv;icm_2024_01.csv
RO;BR-425;C;2024-02-12;2024-01-12;1;130;1,0;14,9019;35;icm_2024_02.csv;icm_2024_01.csv
RO;BR-425;D;2024-02-12;2024-01-12;1;130;1,0;14,9019;35;icm_2024_02.csv;icm_2024_01.csv
RO;BR-435;C;2024-02-15;2024-01-15;1;161;1,0;3,3401;12;icm_2024_02.csv;icm_2024_01.csv
RO;BR-435;D;2024-02-15;2024-01-15;1;161;1,0;7,0683;26;icm_2024_02.csv;icm_2024_01.csv
RS;BR-116;C;2024-02-09;2024-01-09;1;48;1,0;14,5469;17;icm_2024_02.csv;icm_2024_01.csv
RS;BR-116;C;2024-02-15;2024-01-15;1;30;1,0;12,7083;16;icm_2024_02.csv;icm_2024_01.csv
RS;BR-116;C;2024-02-17;2024-01-17;1;66;1,0;24,7803;37;icm_2024_02.csv;icm_2024_01.csv
RS;BR-116;D;2024-02-09;2024-01-09;1;58;1,0;14,444;21;icm_2024_02.csv;icm_2024_01.csv
RS;BR-116;D;2024-02-15;2024-01-15;1;30;1,0;13,5833;20;icm_2024_02.csv;icm_2024_01.csv
RS;BR-116;D;2024-02-17;2024-01-17;1;56;1,0;23,1071;34;icm_2024_02.csv;icm_2024_01.csv
RS;BR-290;C;2024-02-24;2024-01-24;1;206;1,0;23,0874;39;icm_2024_02.csv;icm_2024_01.csv
RS;BR-290;D;2024-02-24;2024-01-24;1;176;1,0;22,5085;35;icm_2024_02.csv;icm_2024_01.csv
SE;BR-101;C;2024-02-23;2024-01-23;1;90;1,0;20,4389;36;icm_2024_02.csv;icm_2024_01.csv
SE;BR-101;C;2024-02-24;2024-01-24;1;115;1,0;41,2065;47;icm_2024_02.csv;icm_2024_01.csv
SE;BR-101;D;2024-02-23;2024-01-23;1;80;1,0;15,8062;23;icm_2024_02.csv;icm_2024_01.csv
SE;BR-101;D;2024-02-24;2024-01-24;1;111;1,0;31,0;51;icm_2024_02.csv;icm_2024_01.csv
SE;BR-235;C;2024-02-22;2024-01-22;1;111;1,0;36,3986;35;icm_2024_02.csv;icm_2024_01.csv
SE;BR-235;D;2024-02-22;2024-01-22;1;114;1,0;34,9693;43;icm_2024_02.csv;icm_2024_01.csv
TO;BR-010;C;2024-02-11;2024-01-11;1;28;1,0;10,7946;7;icm_2024_02.csv;icm_2024_01.csv
TO;BR-010;D;2024-02-11;2024-01-11;1;16;1,0;10,6406;5;icm_2024_02.csv;icm_2024_01.csv
TO;BR-153;C;2024-02-10;2024-01-10;1;124;1,0;21,9415;45;icm_2024_02.csv;icm_2024_01.csv
TO;BR-153;C;2024-02-11;2024-01-11;1;168;1,0;21,0997;44;icm_2024_02.csv;icm_2024_01.csv
TO;BR-153;D;2024-02-10;2024-01-10;1;125;1,0;9,886;14;icm_2024_02.csv;icm_2024_01.csv
TO;BR-153;D;2024-02-11;2024-01-11;1;64;1,0;15,5781;18;icm_2024_02.csv;icm_2024_01.csv
TO;BR-153;D;2024-02-18;2024-01-18;1;87;1,0;14,9109;17;icm_2024_02.csv;icm_2024_01.csv
TO;BR-153;D;2024-02-19;2024-01-19;1;16;1,0;16,5938;10;icm_2024_02.csv;icm_2024_01.csv
TO;BR-226;C;2024-02-15;2024-01-15;1;72;1,0;11,1771;6;icm_2024_02.csv;icm_2024_01.csv
TO;BR-226;D;2024-02-16;2024-01-16;1;72;1,0;10,8542;13;icm_2024_02.csv;icm_2024_01.csv
TO;BR-230;C;2024-02-15;2024-01-15;1;52;1,0;9,1154;8;icm_2024_02.csv;icm_2024_01.csv
TO;BR-230;C;2024-02-16;2024-01-16;1;94;1,0;9,1011;8;icm_2024_02.csv;icm_2024_01.csv
TO;BR-230;D;2024-02-15;2024-01-15;1;146;1,0;9,0411;5;icm_2024_02.csv;icm_2024_01.csv
TO;BR-242;C;2024-02-10;2024-01-10;1;10;1,0;19,475;9;icm_2024_02.csv;icm_2024_01.csv
TO;BR-242;C;2024-02-11;2024-01-11;1;28;1,0;19,2054;9;icm_2024_02.csv;icm_2024_01.csv
PA;BR-230;C;2024-09-17;2024-06-17;3;35;0,9714;7,65;2;icm_2024_09.csv;icm_2024_06.csv
MG;BR-381;C;2025-04-29;2025-01-29;3;12;1,0;29,2917;8;icm_2025_04.csv;icm_2025_01.csv
